tx_description,sender_id,receiver_id,tx_date,amount
lunch,1,101,2023-02-13 02:03:15,1190.63
dinner,1,101,2023-03-29 17:48:10,268.4
gift,1,100,2023-01-20 17:41:33,1276.55
rent,1,102,2023-01-17 08:13:35,1020.42
rent,1,101,2023-01-17 15:45:40,983.1
Payment for Lucy birthday,2,102,2023-01-02 23:51:39,834.3
repaying loan,1,102,2023-03-10 22:39:23,808.32
saving for house,2,101,2023-02-26 16:10:38,1242.26
Birthday surprise,1,102,2023-01-21 11:42:53,1308.43
rent,1,101,2023-03-08 20:24:27,1350.01
rent Brisbane,2,102,2023-03-08 01:39:12,582.12
I love you,2,100,2023-03-04 13:03:07,1196.95
I love you,2,102,2023-03-26 02:50:19,1325.93
rent,2,101,2023-01-03 03:52:01,1165.63
Online Mobile Re-charge,2,100,2023-02-26 10:01:25,5.46
school lunches,2,102,2023-03-27 03:53:25,565.63
phone bill,1,101,2023-03-03 18:26:03,259.07
joint account,1,100,2023-03-25 15:16:16,851.48
recipt 768893333,1,100,2023-01-25 16:53:25,1463.63
Mackay West State School School Uniforms Richards,1,102,2023-03-19 09:53:54,434.86
Mackay West State School School Uniforms Ryan,1,101,2023-01-12 03:32:30,944.15
Mackay West State School School Uniforms James,1,100,2023-01-02 15:26:45,944.61
school uniforms ,1,101,2023-03-02 03:35:12,802.32
Fucking good night,2,101,2023-02-11 02:29:42,1389.55
ILY xxxoooo,2,101,2023-02-22 14:33:36,670.44
lunch,1,100,2023-01-25 16:20:57,1334.14
Happy Birthday B**ch,1,101,2023-02-28 13:56:54,1056.85
BFF4LYF LYSFM <3<3<3Happy Birthday,1,100,2023-02-20 05:50:51,163.07
lunch friday,2,100,2023-03-29 08:23:10,563.45
coffee,2,100,2023-03-06 20:34:33,1430.05
friday dinner,2,102,2023-01-09 17:16:20,926.51
repayment groceries,2,100,2023-02-01 19:04:22,441.5
savings holiday,1,100,2023-03-29 06:10:38,452.47
Groceries,1,101,2023-02-15 03:08:09,1105.64
Savings,1,102,2023-01-02 08:10:44,971.5
Hey whats going on?,1,101,2023-02-19 09:25:09,1412.06
LOVE you,1,101,2023-03-20 12:17:25,511.98
lol,2,100,2023-02-24 10:38:03,1492.25
thanks for lunch,2,102,2023-02-14 05:09:19,1049.24
rent,2,100,2023-02-03 01:29:31,623.73
savings,2,102,2023-03-12 11:13:35,464.78
greece,1,100,2023-02-22 19:45:18,28.77
BBQ money,1,101,2023-02-25 11:58:35,163.0
Happy Birthday,2,101,2023-01-20 23:13:25,936.03
loan for mum,1,101,2023-03-15 20:55:03,805.78
loan 20000,1,100,2023-01-06 11:21:01,547.82
repayments for loan,1,101,2023-03-23 17:25:29,888.05
repayments 1/7,2,100,2023-03-21 10:07:36,104.77
repayments 20,2,102,2023-02-28 01:22:25,1273.28
Bali here I come 1/7,1,102,2023-03-19 19:40:17,464.42
Coloradoro here I come 1/7,1,101,2023-03-11 03:21:17,441.94
Bill pay for Water supply,1,100,2023-02-19 12:56:34,690.89
Billsssssss,1,101,2023-03-08 22:00:02,1454.4
uuuhhhhhh so broke,1,100,2023-03-27 04:50:01,840.58
transfer for hockey,2,101,2023-02-18 17:19:11,1052.4
kids sports uniforms,1,101,2023-03-30 16:18:45,563.16
child support,2,101,2023-03-03 16:19:09,1428.93
Thanks baby,1,102,2023-02-07 05:02:44,329.77
Thanks baby,2,102,2023-02-18 11:24:23,800.75
Child Support,2,100,2023-03-04 01:34:41,1405.8
Support,2,102,2023-03-21 21:56:36,647.25
Dont spend it all at one Jonny,2,100,2023-03-11 20:36:27,1442.13
Dont spend it all at one Lucas,1,101,2023-02-27 18:41:43,1132.27
Dont spend it all at one Lachlan,2,101,2023-01-24 08:15:43,608.27
"Hey, :):):)):):):):):)",1,101,2023-02-25 07:10:01,1075.76
"Hey, lets meet at the front of coles at 5:00pm?",1,101,2023-01-28 03:22:20,782.51
Bobby,2,101,2023-02-08 15:00:37,794.34
coffee runs x,2,100,2023-01-21 05:25:58,219.18
Vacations,1,100,2023-02-18 14:26:28,492.01
bpay,1,100,2023-01-27 08:08:27,842.09
to buy stocks,1,102,2023-02-07 00:09:15,243.19
coffee,2,102,2023-02-07 05:45:22,47.1
fuel,2,100,2023-03-12 03:02:32,663.27
:D love love love ,2,102,2023-02-13 14:20:52,1342.09
so good to see you xoxox,1,101,2023-02-22 04:57:12,580.18
Gen Rent,2,101,2023-03-02 21:33:52,1054.33
Gift Jonny,1,102,2023-03-02 01:19:04,127.62
Hey houw are you,2,101,2023-03-23 04:13:54,761.01
You are the bestest person ever,2,100,2023-03-08 17:31:07,215.7
rent portion,2,102,2023-02-08 03:31:23,359.64
Payment for car,1,102,2023-02-07 00:54:17,897.26
repayment,1,101,2023-03-14 21:25:04,1462.78
Household bills,1,101,2023-02-27 06:32:58,407.2
grocery share,2,102,2023-03-10 23:18:14,1431.11
transfer joint,2,101,2023-03-04 20:01:03,1180.98
lunch,2,101,2023-03-25 10:54:40,1262.86
dinner,2,102,2023-02-08 01:22:47,912.91
gift,1,100,2023-03-01 20:52:24,1053.44
rent,2,101,2023-01-11 06:57:44,903.4
rent,1,100,2023-03-21 03:42:02,68.45
Payment for Lucy birthday,1,100,2023-01-10 13:42:19,1459.87
repaying loan,2,102,2023-02-22 18:25:49,789.78
saving for house,2,101,2023-02-19 17:57:44,305.98
Birthday surprise,1,101,2023-02-03 19:58:43,759.19
rent,2,100,2023-01-05 17:48:38,885.01
rent Brisbane,1,102,2023-03-11 03:30:18,1089.73
I love you,2,100,2023-03-06 14:17:25,1207.66
I love you,1,102,2023-02-24 16:31:05,707.46
rent,1,102,2023-01-13 17:54:00,468.21
Online Mobile Re-charge,1,102,2023-03-09 15:05:43,821.66
school lunches,2,100,2023-03-24 05:10:35,1492.48
phone bill,1,102,2023-01-26 09:14:00,343.28
joint account,1,100,2023-03-13 12:39:33,589.09
recipt 768893333,1,100,2023-02-25 14:37:18,1398.16
Mackay West State School School Uniforms Richards,1,102,2023-02-11 13:43:12,649.17
Mackay West State School School Uniforms Ryan,1,102,2023-01-27 11:38:58,707.83
Mackay West State School School Uniforms James,1,100,2023-03-16 06:48:13,1390.08
school uniforms ,2,101,2023-03-24 02:39:48,827.77
Fucking good night,2,101,2023-03-24 17:12:24,1409.54
ILY xxxoooo,1,101,2023-03-26 08:01:16,279.15
lunch,1,101,2023-01-22 14:37:57,846.14
Happy Birthday B**ch,1,100,2023-02-24 06:57:53,79.78
BFF4LYF LYSFM <3<3<3Happy Birthday,1,101,2023-03-07 22:41:40,9.85
lunch friday,1,100,2023-03-24 11:44:45,1022.17
coffee,2,101,2023-02-24 23:30:37,895.27
friday dinner,1,100,2023-01-22 08:48:13,1190.06
repayment groceries,1,102,2023-01-13 10:48:16,174.38
savings holiday,2,101,2023-02-02 18:12:24,139.61
Groceries,2,102,2023-02-18 23:48:23,884.14
Savings,2,102,2023-03-13 08:42:10,310.53
Hey whats going on?,2,100,2023-01-09 10:03:01,540.7
LOVE you,1,101,2023-03-05 06:39:23,823.41
lol,1,102,2023-02-16 04:12:03,1320.33
thanks for lunch,2,101,2023-02-17 16:53:52,1368.41
rent,2,100,2023-01-08 06:20:51,1382.25
savings,2,100,2023-02-19 14:45:19,18.17
greece,1,102,2023-02-20 08:58:17,1446.74
BBQ money,1,101,2023-03-07 08:48:09,290.02
Happy Birthday,1,100,2023-02-15 14:59:35,1035.33
loan for mum,1,101,2023-01-19 00:28:27,796.52
loan 20000,2,100,2023-02-11 15:03:00,4.84
repayments for loan,1,101,2023-02-01 09:49:02,538.31
repayments 1/7,1,100,2023-03-23 03:11:14,1227.1
repayments 20,2,101,2023-03-07 14:39:17,85.84
Bali here I come 1/7,2,102,2023-02-16 15:39:32,165.63
Coloradoro here I come 1/7,1,101,2023-03-28 22:04:29,983.09
Bill pay for Water supply,1,102,2023-03-13 08:18:55,271.12
Billsssssss,2,101,2023-01-26 04:59:03,548.9
uuuhhhhhh so broke,1,101,2023-03-29 03:18:19,161.44
transfer for hockey,2,101,2023-01-04 23:06:31,316.16
kids sports uniforms,1,100,2023-03-30 02:48:17,1003.59
child support,1,101,2023-02-02 07:45:14,1137.8
Thanks baby,1,101,2023-02-22 22:40:56,734.66
Thanks baby,2,102,2023-02-26 23:29:41,755.55
Child Support,1,101,2023-02-04 06:02:23,346.77
Support,2,102,2023-01-21 10:52:13,868.04
Dont spend it all at one Jonny,1,100,2023-02-05 23:59:53,890.03
Dont spend it all at one Lucas,1,100,2023-01-11 02:29:19,197.23
Dont spend it all at one Lachlan,1,100,2023-03-06 22:01:29,1387.67
"Hey, :):):)):):):):):)",2,101,2023-01-18 20:28:38,962.42
"Hey, lets meet at the front of coles at 5:00pm?",2,102,2023-03-07 11:02:35,1122.6
Bobby,2,100,2023-03-01 13:12:54,1406.44
coffee runs x,1,102,2023-01-27 22:47:13,814.6
Vacations,1,100,2023-01-24 15:40:25,237.32
bpay,2,102,2023-02-11 15:08:47,45.81
to buy stocks,2,102,2023-02-03 14:39:12,958.27
coffee,2,100,2023-01-31 06:18:36,265.09
fuel,2,101,2023-02-09 14:25:29,1144.27
:D love love love ,1,101,2023-03-02 18:44:51,875.39
so good to see you xoxox,1,100,2023-02-09 15:48:10,1010.64
Gen Rent,1,102,2023-03-23 10:43:51,898.06
Gift Jonny,2,100,2023-01-12 22:30:05,260.25
Hey houw are you,2,101,2023-02-08 00:36:50,1180.13
You are the bestest person ever,1,102,2023-03-05 13:20:03,1102.32
rent portion,1,102,2023-01-25 01:13:20,1232.63
Payment for car,1,102,2023-03-15 01:41:43,424.07
repayment,1,100,2023-02-11 18:30:04,646.21
Household bills,1,101,2023-01-14 14:11:26,948.72
grocery share,2,101,2023-02-23 17:19:12,581.73
transfer joint,2,101,2023-02-25 08:05:17,1452.41
lunch,2,101,2023-03-08 10:10:04,288.79
dinner,1,102,2023-01-29 23:42:08,307.3
gift,1,101,2023-02-06 17:01:26,920.83
rent,2,100,2023-01-12 16:49:22,152.6
rent,2,102,2023-01-21 02:04:33,310.45
Payment for Lucy birthday,1,101,2023-02-12 18:07:48,1264.28
repaying loan,2,101,2023-01-19 18:00:55,1495.97
saving for house,1,102,2023-03-16 15:13:22,446.07
Birthday surprise,1,101,2023-03-11 06:23:56,1420.17
rent,2,100,2023-01-09 22:14:54,771.67
rent Brisbane,2,102,2023-01-11 02:17:21,535.9
I love you,1,102,2023-02-15 23:40:51,111.86
I love you,1,100,2023-03-29 12:54:28,425.17
rent,2,101,2023-01-16 05:30:48,67.42
Online Mobile Re-charge,1,100,2023-02-18 01:18:56,854.64
school lunches,1,101,2023-02-01 22:51:48,933.09
phone bill,1,100,2023-01-03 09:51:24,793.7
joint account,1,100,2023-02-18 23:11:43,680.6
recipt 768893333,1,102,2023-02-04 04:50:38,1068.18
Mackay West State School School Uniforms Richards,2,102,2023-01-03 09:31:51,1284.79
Mackay West State School School Uniforms Ryan,1,101,2023-03-09 04:02:24,770.08
Mackay West State School School Uniforms James,1,101,2023-03-09 07:59:59,300.54
school uniforms ,1,102,2023-01-22 01:08:51,858.26
Fucking good night,1,102,2023-02-02 19:44:25,283.51
ILY xxxoooo,2,101,2023-02-12 10:20:40,294.44
lunch,1,102,2023-01-11 07:10:58,1264.94
Happy Birthday B**ch,1,102,2023-01-22 01:18:20,718.16
BFF4LYF LYSFM <3<3<3Happy Birthday,1,101,2023-01-28 04:05:14,1021.29
lunch friday,2,100,2023-01-08 23:15:22,453.57
coffee,2,101,2023-01-31 21:07:39,1356.01
friday dinner,2,102,2023-02-07 05:31:23,29.3
repayment groceries,1,102,2023-02-07 00:36:04,247.55
savings holiday,2,102,2023-01-27 10:43:58,894.3
Groceries,1,101,2023-02-01 14:24:34,893.51
Savings,1,100,2023-01-12 08:33:05,365.69
Hey whats going on?,1,102,2023-01-25 18:52:24,1203.33
LOVE you,1,101,2023-01-09 01:37:24,295.66
lol,2,102,2023-02-08 14:44:14,832.64
thanks for lunch,2,102,2023-03-25 18:25:04,613.4
rent,2,100,2023-03-04 00:38:14,300.28
savings,2,100,2023-01-06 00:13:25,851.64
greece,1,100,2023-02-14 21:04:07,430.83
BBQ money,1,102,2023-03-28 02:25:49,488.4
Happy Birthday,1,102,2023-02-28 06:18:11,850.34
loan for mum,2,100,2023-02-04 12:07:13,439.99
loan 20000,1,100,2023-03-27 17:47:20,588.22
repayments for loan,1,102,2023-03-18 00:13:31,959.23
repayments 1/7,1,100,2023-02-24 15:34:30,322.46
repayments 20,2,100,2023-01-05 21:40:14,447.2
Bali here I come 1/7,1,102,2023-03-01 03:12:05,297.63
Coloradoro here I come 1/7,2,102,2023-03-01 07:33:00,213.96
Bill pay for Water supply,2,102,2023-02-10 03:51:15,1085.41
Billsssssss,2,102,2023-03-23 17:12:33,890.49
uuuhhhhhh so broke,2,102,2023-01-12 00:03:18,1360.57
transfer for hockey,2,102,2023-02-17 21:13:59,407.37
kids sports uniforms,1,100,2023-02-14 08:23:12,832.95
child support,2,100,2023-02-24 13:07:23,59.71
Thanks baby,2,102,2023-02-20 17:40:51,882.01
Thanks baby,1,100,2023-02-02 05:27:45,434.08
Child Support,2,101,2023-01-04 02:04:22,1329.91
Support,2,102,2023-01-10 20:54:05,1430.68
Dont spend it all at one Jonny,1,100,2023-03-18 05:53:27,698.56
Dont spend it all at one Lucas,2,101,2023-01-03 00:49:20,870.8
Dont spend it all at one Lachlan,1,102,2023-02-19 13:50:28,732.32
"Hey, :):):)):):):):):)",2,101,2023-03-19 14:42:43,997.27
"Hey, lets meet at the front of coles at 5:00pm?",2,101,2023-02-02 10:10:10,1125.93
Bobby,1,102,2023-01-30 17:29:53,568.3
coffee runs x,1,102,2023-01-26 16:30:10,1200.08
Vacations,1,100,2023-01-31 17:23:45,143.62
bpay,1,100,2023-01-12 14:52:34,717.55
to buy stocks,2,100,2023-02-28 10:06:37,1324.65
coffee,1,101,2023-02-25 01:46:16,1017.12
fuel,2,100,2023-03-22 16:54:15,1407.27
:D love love love ,2,101,2023-03-25 06:02:58,517.94
so good to see you xoxox,1,101,2023-01-02 07:22:35,1247.2
Gen Rent,2,101,2023-01-19 00:08:20,859.1
Gift Jonny,2,100,2023-02-06 14:32:38,774.35
Hey houw are you,1,101,2023-03-06 20:02:53,1088.83
You are the bestest person ever,1,100,2023-02-28 01:29:14,1417.96
rent portion,2,100,2023-03-26 08:14:14,572.35
Payment for car,2,100,2023-02-25 07:41:42,943.8
repayment,1,101,2023-02-05 05:37:13,1070.16
Household bills,2,101,2023-03-29 13:33:15,352.45
grocery share,1,101,2023-02-24 16:16:45,759.88
transfer joint,2,101,2023-01-13 19:55:47,731.98
lunch,2,100,2023-01-28 02:33:49,178.91
dinner,2,101,2023-03-13 10:12:03,814.64
gift,1,102,2023-01-20 22:04:43,383.41
rent,2,102,2023-01-07 19:56:24,343.48
rent,1,102,2023-03-14 07:24:00,472.52
Payment for Lucy birthday,1,102,2023-02-16 11:27:16,694.05
repaying loan,2,100,2023-02-18 12:49:30,619.61
saving for house,2,102,2023-01-23 09:16:38,1078.6
Birthday surprise,1,101,2023-01-06 05:47:21,119.04
rent,2,102,2023-02-17 06:13:14,214.45
rent Brisbane,1,100,2023-03-30 14:11:46,1461.99
I love you,2,101,2023-01-08 19:26:29,392.49
I love you,2,101,2023-03-25 13:54:17,634.98
rent,1,100,2023-02-23 05:12:54,153.92
Online Mobile Re-charge,1,101,2023-02-23 09:31:08,1123.23
school lunches,2,101,2023-03-16 15:06:00,938.87
phone bill,2,102,2023-03-13 03:16:02,112.57
joint account,1,101,2023-03-24 06:08:33,465.41
recipt 768893333,2,100,2023-03-18 15:33:51,770.0
Mackay West State School School Uniforms Richards,1,101,2023-01-03 04:17:03,470.03
Mackay West State School School Uniforms Ryan,2,100,2023-02-14 03:04:04,1102.97
Mackay West State School School Uniforms James,1,101,2023-02-23 16:24:13,1209.86
school uniforms ,1,100,2023-03-16 16:52:35,1318.5
Fucking good night,1,102,2023-01-31 01:41:30,1320.75
ILY xxxoooo,2,102,2023-01-06 16:16:14,816.19
lunch,2,100,2023-02-17 06:16:47,1460.33
Happy Birthday B**ch,1,100,2023-02-13 23:47:37,785.65
BFF4LYF LYSFM <3<3<3Happy Birthday,2,101,2023-01-31 12:25:06,321.6
lunch friday,2,101,2023-03-08 21:24:50,1386.73
coffee,1,101,2023-03-20 19:03:23,1379.02
friday dinner,2,100,2023-02-27 11:21:10,108.31
repayment groceries,1,101,2023-02-12 23:27:27,260.65
savings holiday,1,101,2023-01-21 00:35:22,474.64
Groceries,1,100,2023-01-11 00:10:26,1022.39
Savings,2,101,2023-01-13 23:25:58,3.75
Hey whats going on?,2,101,2023-03-06 14:18:28,333.28
LOVE you,2,100,2023-01-07 19:06:15,803.83
lol,2,101,2023-03-09 16:12:16,102.55
thanks for lunch,1,100,2023-03-30 01:18:12,959.91
rent,1,102,2023-02-21 17:38:12,1421.16
savings,2,102,2023-01-18 10:08:28,112.37
greece,2,102,2023-03-14 02:28:58,308.27
BBQ money,1,102,2023-03-23 07:06:11,1012.83
Happy Birthday,1,100,2023-01-06 04:09:43,484.22
loan for mum,1,102,2023-01-01 18:52:45,858.32
loan 20000,1,102,2023-01-16 19:15:12,1155.22
repayments for loan,1,100,2023-03-04 04:23:03,760.31
repayments 1/7,1,100,2023-02-04 02:55:34,373.18
repayments 20,2,100,2023-02-15 13:47:26,1.14
Bali here I come 1/7,2,100,2023-03-27 08:24:40,1043.93
Coloradoro here I come 1/7,1,101,2023-03-22 20:28:12,765.56
Bill pay for Water supply,2,101,2023-03-24 12:31:38,137.15
Billsssssss,1,100,2023-02-05 22:14:17,420.11
uuuhhhhhh so broke,1,100,2023-03-23 19:05:48,293.62
transfer for hockey,2,100,2023-02-13 08:35:47,969.3
kids sports uniforms,1,102,2023-02-20 22:57:56,595.88
child support,1,102,2023-01-12 02:29:30,763.78
Thanks baby,1,102,2023-02-05 23:44:10,753.65
Thanks baby,1,102,2023-02-19 00:45:02,909.32
Child Support,1,101,2023-03-12 16:09:37,998.27
Support,1,102,2023-01-05 02:34:32,1299.06
Dont spend it all at one Jonny,2,100,2023-01-24 06:29:17,1109.86
Dont spend it all at one Lucas,2,100,2023-01-29 11:29:16,1234.17
Dont spend it all at one Lachlan,1,102,2023-03-30 16:14:22,741.14
"Hey, :):):)):):):):):)",2,102,2023-03-03 11:16:08,992.46
"Hey, lets meet at the front of coles at 5:00pm?",2,100,2023-03-19 14:45:48,344.49
Bobby,1,101,2023-01-13 01:29:16,1474.1
coffee runs x,2,102,2023-02-07 19:31:03,440.46
Vacations,1,101,2023-03-21 13:48:04,962.37
bpay,1,101,2023-03-14 04:41:20,574.15
to buy stocks,2,102,2023-03-22 12:21:31,1236.29
coffee,2,101,2023-01-29 06:03:18,352.55
fuel,2,100,2023-01-15 19:44:23,1170.08
:D love love love ,1,102,2023-03-26 10:59:53,726.79
so good to see you xoxox,2,100,2023-03-25 15:13:21,286.01
Gen Rent,2,100,2023-03-20 08:12:57,210.69
Gift Jonny,2,100,2023-01-07 19:57:23,943.42
Hey houw are you,1,100,2023-03-19 07:16:10,1083.63
You are the bestest person ever,1,100,2023-03-21 05:53:44,1236.09
rent portion,1,101,2023-02-12 16:51:05,203.82
Payment for car,1,102,2023-02-08 09:11:07,1104.69
repayment,2,101,2023-03-01 07:14:22,1339.94
Household bills,1,100,2023-03-25 04:30:51,132.34
grocery share,1,102,2023-03-17 09:25:48,1298.57
transfer joint,1,101,2023-02-08 14:34:48,191.18
lunch,2,102,2023-03-06 17:55:44,197.98
dinner,1,101,2023-02-13 01:08:15,170.21
gift,2,102,2023-02-23 20:23:50,799.71
rent,2,100,2023-01-29 08:05:39,1040.65
rent,1,100,2023-01-16 13:02:00,1412.7
Payment for Lucy birthday,1,101,2023-03-03 20:35:19,699.8
repaying loan,1,100,2023-02-10 14:34:39,919.05
saving for house,1,101,2023-01-01 20:18:36,584.96
Birthday surprise,1,101,2023-01-29 07:24:16,556.52
rent,1,102,2023-02-20 12:00:41,535.47
rent Brisbane,2,102,2023-03-04 22:37:49,11.7
I love you,1,101,2023-03-17 06:37:54,939.51
I love you,2,100,2023-02-08 18:23:18,944.73
rent,1,100,2023-01-14 11:36:35,179.6
Online Mobile Re-charge,1,100,2023-01-22 17:18:57,1372.34
school lunches,2,102,2023-01-05 10:04:22,868.78
phone bill,1,101,2023-01-22 20:15:23,1278.75
joint account,1,102,2023-01-03 12:56:59,134.12
recipt 768893333,1,102,2023-02-26 15:52:37,1403.96
Mackay West State School School Uniforms Richards,1,100,2023-01-03 20:40:39,1129.82
Mackay West State School School Uniforms Ryan,2,101,2023-03-04 17:45:15,41.43
Mackay West State School School Uniforms James,1,101,2023-01-22 04:55:09,1299.34
school uniforms ,2,102,2023-01-06 03:23:05,493.43
Fucking good night,1,102,2023-02-17 08:37:10,833.39
ILY xxxoooo,1,102,2023-02-23 07:14:32,622.71
lunch,2,100,2023-02-05 18:34:19,1076.99
Happy Birthday B**ch,2,101,2023-03-30 14:24:31,883.5
BFF4LYF LYSFM <3<3<3Happy Birthday,1,102,2023-02-23 07:13:29,1452.58
lunch friday,2,101,2023-02-09 11:51:00,22.37
coffee,2,102,2023-03-13 23:53:37,1439.83
friday dinner,1,101,2023-02-13 03:16:53,31.63
repayment groceries,1,101,2023-01-08 02:44:17,1421.01
savings holiday,2,101,2023-03-21 07:17:25,198.01
Groceries,2,102,2023-02-04 19:22:42,846.2
Savings,2,101,2023-01-31 06:09:37,1281.17
Hey whats going on?,1,102,2023-02-18 17:55:23,1263.39
LOVE you,2,101,2023-02-28 17:04:13,1222.96
lol,1,100,2023-02-18 22:58:36,448.14
thanks for lunch,1,100,2023-01-21 12:51:34,672.34
rent,1,102,2023-02-22 14:26:29,754.44
savings,2,102,2023-03-26 10:41:43,937.1
greece,2,102,2023-02-09 00:31:06,532.19
BBQ money,1,102,2023-01-18 00:29:46,1259.78
Happy Birthday,1,101,2023-03-22 08:13:59,112.83
loan for mum,1,102,2023-02-15 14:51:10,703.9
loan 20000,2,101,2023-01-09 01:58:32,588.95
repayments for loan,1,100,2023-01-28 20:04:08,90.27
repayments 1/7,1,100,2023-03-19 02:55:55,472.24
repayments 20,2,100,2023-01-01 02:14:41,641.48
Bali here I come 1/7,2,101,2023-03-10 12:57:37,491.68
Coloradoro here I come 1/7,2,102,2023-01-01 23:52:44,378.31
Bill pay for Water supply,2,100,2023-01-09 11:54:37,1466.43
Billsssssss,1,102,2023-02-23 12:39:27,880.85
uuuhhhhhh so broke,2,100,2023-01-16 12:15:22,1191.99
transfer for hockey,1,101,2023-02-16 13:23:29,356.92
kids sports uniforms,2,100,2023-02-27 04:29:57,104.45
child support,2,100,2023-01-12 07:28:15,717.52
Thanks baby,1,102,2023-03-15 17:31:36,365.52
Thanks baby,2,101,2023-01-30 05:59:23,145.7
Child Support,1,102,2023-03-23 18:25:18,1199.88
Support,1,102,2023-01-10 03:58:53,183.61
Dont spend it all at one Jonny,2,101,2023-03-28 22:50:47,239.02
Dont spend it all at one Lucas,2,100,2023-01-06 07:55:53,863.38
Dont spend it all at one Lachlan,2,102,2023-03-17 06:13:26,541.13
"Hey, :):):)):):):):):)",2,101,2023-02-24 05:13:40,508.31
"Hey, lets meet at the front of coles at 5:00pm?",2,101,2023-01-07 01:28:43,131.12
Bobby,2,102,2023-03-07 04:33:18,206.11
coffee runs x,2,101,2023-03-14 08:45:51,488.26
Vacations,1,100,2023-03-30 00:56:07,701.27
bpay,2,102,2023-03-16 17:08:59,369.1
to buy stocks,2,101,2023-03-26 01:22:15,33.52
coffee,2,101,2023-02-05 10:00:49,572.44
fuel,2,101,2023-03-15 05:52:49,1430.56
:D love love love ,2,100,2023-01-25 06:15:21,483.85
so good to see you xoxox,2,100,2023-02-04 23:05:29,605.21
Gen Rent,2,101,2023-02-14 16:28:27,76.09
Gift Jonny,1,101,2023-03-28 05:16:21,1453.56
Hey houw are you,2,101,2023-02-25 18:29:46,70.65
You are the bestest person ever,2,101,2023-01-07 12:15:30,1394.09
rent portion,2,101,2023-03-24 10:30:50,871.92
Payment for car,2,101,2023-02-20 14:04:27,937.8
repayment,2,100,2023-03-18 14:03:11,581.75
Household bills,2,100,2023-01-26 23:05:08,594.0
grocery share,1,101,2023-02-22 07:04:26,1046.72
transfer joint,1,102,2023-02-01 04:47:58,280.66
lunch,2,100,2023-02-08 19:25:24,707.66
dinner,1,102,2023-03-16 02:53:50,191.4
gift,1,101,2023-03-27 01:54:56,584.24
rent,1,102,2023-01-09 01:05:26,1434.84
rent,1,102,2023-03-28 15:19:28,450.32
Payment for Lucy birthday,2,101,2023-02-18 15:35:35,1223.69
repaying loan,1,101,2023-01-28 00:22:44,510.66
saving for house,1,100,2023-01-01 13:18:57,1380.9
Birthday surprise,2,102,2023-03-11 07:50:02,997.31
rent,1,100,2023-03-27 23:36:27,1199.51
rent Brisbane,1,100,2023-02-19 00:55:11,21.26
I love you,1,102,2023-02-03 12:17:24,999.56
I love you,2,101,2023-02-08 00:13:32,576.62
rent,1,100,2023-01-13 16:41:30,343.26
Online Mobile Re-charge,1,101,2023-03-19 11:11:17,584.31
school lunches,2,102,2023-03-18 03:00:06,1161.27
phone bill,1,102,2023-01-23 19:11:47,831.47
joint account,2,102,2023-02-15 10:19:07,772.02
recipt 768893333,1,102,2023-03-28 12:51:25,1455.63
Mackay West State School School Uniforms Richards,2,102,2023-02-10 05:02:24,1445.33
Mackay West State School School Uniforms Ryan,1,100,2023-03-21 10:14:34,1258.44
Mackay West State School School Uniforms James,1,102,2023-03-01 02:07:20,494.3
school uniforms ,1,102,2023-01-06 09:31:16,443.14
Fucking good night,1,101,2023-01-12 13:44:27,84.9
ILY xxxoooo,1,100,2023-01-03 11:59:38,23.28
lunch,1,100,2023-01-11 01:15:01,1376.5
Happy Birthday B**ch,1,102,2023-03-01 10:09:21,177.68
BFF4LYF LYSFM <3<3<3Happy Birthday,2,102,2023-03-10 09:06:16,550.23
lunch friday,1,102,2023-01-31 04:51:08,1408.22
coffee,2,101,2023-01-16 18:04:55,532.19
friday dinner,2,102,2023-01-16 02:21:01,1439.19
repayment groceries,1,102,2023-03-30 08:58:24,634.83
savings holiday,2,101,2023-02-25 23:56:48,219.46
Groceries,2,100,2023-02-08 13:36:25,402.37
Savings,1,102,2023-02-08 01:18:05,1280.01
Hey whats going on?,1,102,2023-01-26 01:31:46,318.65
LOVE you,1,100,2023-03-18 14:42:29,1217.61
lol,1,101,2023-02-24 19:26:18,970.72
thanks for lunch,1,101,2023-03-01 16:37:08,435.84
rent,2,102,2023-02-27 16:28:33,1266.2
savings,1,102,2023-02-20 08:12:24,259.84
greece,1,100,2023-02-10 13:33:26,458.3
BBQ money,2,101,2023-01-01 09:55:34,932.83
Happy Birthday,1,101,2023-02-15 08:46:46,584.6
loan for mum,2,101,2023-01-30 15:56:10,859.15
loan 20000,2,102,2023-01-10 15:26:15,20.71
repayments for loan,1,102,2023-03-09 11:03:27,72.75
repayments 1/7,2,100,2023-01-25 12:38:11,1236.79
repayments 20,1,101,2023-01-27 18:01:07,365.42
Bali here I come 1/7,1,101,2023-02-22 13:05:37,393.85
Coloradoro here I come 1/7,2,100,2023-02-02 15:44:34,462.69
Bill pay for Water supply,2,102,2023-01-28 19:52:07,544.38
Billsssssss,2,101,2023-03-04 22:47:31,1180.66
uuuhhhhhh so broke,2,102,2023-02-17 18:37:46,332.76
transfer for hockey,1,101,2023-02-15 18:40:09,1226.13
kids sports uniforms,1,100,2023-02-13 14:28:21,1378.02
child support,1,100,2023-03-21 05:40:36,806.35
Thanks baby,1,101,2023-01-19 21:04:05,1317.67
Thanks baby,1,100,2023-03-06 17:15:10,232.61
Child Support,1,102,2023-02-16 22:23:33,1342.9
Support,2,100,2023-03-04 02:15:41,1157.02
Dont spend it all at one Jonny,1,101,2023-01-09 02:44:06,1389.51
Dont spend it all at one Lucas,1,102,2023-03-11 22:53:14,973.04
Dont spend it all at one Lachlan,1,101,2023-02-02 22:40:35,234.23
"Hey, :):):)):):):):):)",2,102,2023-01-08 03:32:29,987.84
"Hey, lets meet at the front of coles at 5:00pm?",2,100,2023-01-24 19:04:09,55.47
Bobby,2,101,2023-01-16 03:10:58,1108.77
coffee runs x,2,102,2023-03-10 09:32:45,692.54
Vacations,2,102,2023-02-08 13:18:34,329.61
bpay,1,102,2023-01-25 08:37:55,223.99
to buy stocks,1,102,2023-02-12 04:53:43,235.18
coffee,2,101,2023-01-29 10:10:29,1148.83
fuel,2,102,2023-01-31 15:16:56,1097.25
:D love love love ,1,102,2023-01-08 06:57:16,316.42
so good to see you xoxox,1,101,2023-03-05 16:49:23,1309.5
Gen Rent,2,102,2023-03-04 13:52:11,1292.48
Gift Jonny,1,100,2023-03-25 22:48:41,1370.81
Hey houw are you,1,100,2023-01-07 02:45:24,1262.93
You are the bestest person ever,1,100,2023-02-02 12:57:55,1006.41
rent portion,2,101,2023-02-28 04:32:17,940.31
Payment for car,2,100,2023-03-29 03:07:49,182.88
repayment,1,100,2023-02-28 22:20:15,1057.36
Household bills,1,102,2023-03-27 00:36:10,1431.08
grocery share,1,101,2023-01-14 02:39:30,1146.08
transfer joint,2,101,2023-03-17 20:52:57,845.73
"This makes me so damn angry.  All of this over some worthless thug who got himself shot?  The protests, those animals looting and tearing shit up in their own neighborhoods over this?  This is why everyone thinks the black community is fucked up, because it is fucked up.",2,100,2023-01-08 22:46:26,202.58
"Let's hit it, Jake",1,100,2023-02-25 10:06:10,237.16
"Shoots Brah, I gettin mean hives already.",2,100,2023-03-20 11:51:38,960.14
